{
  "type": "fallback",
  "r2": 0.737522437888265,
  "intercept": 14819.09265697159,
  "coefficients": {
    "sat_tv": 703.9921713713,
    "sat_radio": 641.8189150138179,
    "sat_ratp_display": 768.6019074062496,
    "sat_google_ads": 2657.0060376096812,
    "interest_rate_20y": -664.9802539720635,
    "pinel": 585.3518985030522,
    "covid_impact": -638.7401728044074
  },
  "total_spend": {
    "tv": 5785023.771310754,
    "radio": 4238068.778280943,
    "ratp_display": 2786579.6009650994,
    "google_ads": 14084925.987884523
  },
  "total_contributions": {
    "tv": 62154.217806861016,
    "radio": 80137.3073931131,
    "ratp_display": 59641.95964133799,
    "google_ads": 383856.53700310556
  },
  "roas": {
    "tv": 0.010743986587418687,
    "radio": 0.018908920922613863,
    "ratp_display": 0.02140328581343296,
    "google_ads": 0.0272530034828219
  }
}