{
  "type": "fallback",
  "r2": 0.4853067748767981,
  "intercept": 846146.2002526207,
  "coefficients": {
    "sat_tv": 33326.32365643655,
    "sat_google_ads": 10521.61273530188,
    "sat_meta": 12250.957220311642,
    "sat_google_play": -630.8494089578518,
    "sat_apple_search_ads": -789.5324709736077,
    "interest_rate_20y": -51359.39080103265,
    "pinel": 21118.210241886478,
    "covid_impact": 100572.33000101516,
    "season_sin": -5511.572155213904,
    "season_cos": -76072.18463025754
  },
  "total_spend": {
    "tv": 61318257.46517282,
    "google_ads": 35588801.108526774,
    "meta": 13731932.419474004,
    "google_play": 4427139.694441131,
    "apple_search_ads": 2950150.989311155
  },
  "total_contributions": {
    "tv": 3016536.0745650316,
    "google_ads": 1514111.7651086207,
    "meta": 1711350.7593892678,
    "google_play": 0.0,
    "apple_search_ads": 0.0
  },
  "roas": {
    "tv": 0.04919474556625073,
    "google_ads": 0.04254461285423443,
    "meta": 0.12462563222072866,
    "google_play": 0.0,
    "apple_search_ads": 0.0
  }
}